abstract_input;u1;u2;u3
1;-2.0;2.0;-1.0
2;-2.0;-3.0;-1.0
3;1.0;-1.0;-2.0
4;-3.0;-1.0;-1.0
5;0.0;2.0;-3.0
6;0.0;-3.0;-3.0
7;0.0;2.0;2.0
8;0.0;-3.0;2.0
9;-1.0;-2.0;3.0
10;1.0;-1.0;1.0
11;1.0;0.0;-1.0
12;3.0;-1.0;-1.0
13;-2.0;-2.0;-3.0
14;-1.0;1.0;-1.0
15;-2.0;-2.0;2.0
16;1.0;1.0;0.0
17;-3.0;-2.0;3.0
18;2.0;0.0;3.0
19;1.0;1.0;-2.0
20;-3.0;1.0;-1.0
21;3.0;-2.0;3.0
22;-1.0;-2.0;0.0
23;2.0;-2.0;-1.0
24;1.0;1.0;1.0
25;0.0;0.0;3.0
26;1.0;2.0;-1.0
27;1.0;-3.0;-1.0
28;3.0;1.0;-1.0
29;-1.0;-2.0;-2.0
30;0.0;-2.0;-1.0
31;-1.0;-2.0;1.0
32;2.0;-1.0;-3.0
33;-3.0;-2.0;0.0
34;2.0;-1.0;2.0
35;1.0;-2.0;-3.0
36;-2.0;-1.0;-1.0
37;2.0;0.0;0.0
38;1.0;-2.0;2.0
39;2.0;2.0;3.0
40;2.0;-3.0;3.0
41;3.0;-2.0;0.0
42;0.0;-1.0;-3.0
43;-3.0;-2.0;-2.0
44;0.0;-1.0;2.0
45;2.0;0.0;-2.0
46;0.0;0.0;0.0
47;-1.0;0.0;-3.0
48;-1.0;0.0;2.0
49;3.0;-2.0;-2.0
50;-3.0;-2.0;1.0
51;0.0;-3.0;3.0
52;0.0;2.0;3.0
53;2.0;0.0;1.0
54;0.0;0.0;-2.0
55;3.0;-2.0;1.0
56;-2.0;-2.0;3.0
57;2.0;1.0;-3.0
58;0.0;0.0;1.0
59;2.0;1.0;2.0
60;-2.0;1.0;-1.0
61;2.0;2.0;0.0
62;2.0;-3.0;0.0
63;-3.0;0.0;-3.0
64;-3.0;0.0;2.0
65;0.0;1.0;-3.0
66;0.0;1.0;2.0
67;3.0;0.0;-3.0
68;3.0;0.0;2.0
69;2.0;2.0;-2.0
70;2.0;-3.0;-2.0
71;0.0;2.0;0.0
72;0.0;-3.0;0.0
73;1.0;-1.0;-1.0
74;-1.0;2.0;-3.0
75;-1.0;-3.0;-3.0
76;-1.0;2.0;2.0
77;-1.0;-3.0;2.0
78;2.0;2.0;1.0
79;2.0;-3.0;1.0
80;-2.0;-2.0;0.0
81;0.0;2.0;-2.0
82;0.0;-3.0;-2.0
83;0.0;2.0;1.0
84;0.0;-3.0;1.0
85;-2.0;-2.0;-2.0
86;2.0;-1.0;3.0
87;-3.0;2.0;-3.0
88;-3.0;-3.0;-3.0
89;-3.0;2.0;2.0
90;-3.0;-3.0;2.0
91;1.0;-2.0;3.0
92;-2.0;-2.0;1.0
93;3.0;2.0;-3.0
94;3.0;-3.0;-3.0
95;3.0;2.0;2.0
96;3.0;-3.0;2.0
97;1.0;1.0;-1.0
98;0.0;-1.0;3.0
99;-1.0;0.0;3.0
100;-1.0;-2.0;-1.0
101;-2.0;0.0;-3.0
102;-2.0;0.0;2.0
103;2.0;-1.0;0.0
104;2.0;1.0;3.0
105;1.0;-2.0;0.0
106;-3.0;0.0;3.0
107;2.0;-1.0;-2.0
108;0.0;-1.0;0.0
109;-1.0;-1.0;-3.0
110;1.0;-2.0;-2.0
111;0.0;1.0;3.0
112;-1.0;-1.0;2.0
113;-3.0;-2.0;-1.0
114;3.0;0.0;3.0
115;-1.0;0.0;0.0
116;2.0;-1.0;1.0
117;2.0;0.0;-1.0
118;-1.0;2.0;3.0
119;0.0;-1.0;-2.0
120;1.0;-2.0;1.0
121;-1.0;-3.0;3.0
122;3.0;-2.0;-1.0
123;-1.0;0.0;-2.0
124;-2.0;2.0;-3.0
125;-2.0;-3.0;-3.0
126;0.0;-1.0;1.0
127;-2.0;-3.0;2.0
128;0.0;0.0;-1.0
129;-2.0;2.0;2.0
130;2.0;1.0;0.0
131;-3.0;-1.0;-3.0
132;-3.0;-1.0;2.0
133;-1.0;0.0;1.0
134;-3.0;0.0;0.0
135;1.0;0.0;-3.0
136;3.0;-1.0;-3.0
137;1.0;0.0;2.0
138;2.0;1.0;-2.0
139;3.0;-1.0;2.0
140;0.0;1.0;0.0
141;-3.0;-3.0;3.0
142;-3.0;2.0;3.0
143;-1.0;1.0;-3.0
144;3.0;0.0;0.0
145;-1.0;1.0;2.0
146;-3.0;0.0;-2.0
147;3.0;2.0;3.0
148;3.0;-3.0;3.0
149;-1.0;2.0;0.0
150;-1.0;-3.0;0.0
151;2.0;1.0;1.0
152;2.0;2.0;-1.0
153;2.0;-3.0;-1.0
154;0.0;1.0;-2.0
155;3.0;0.0;-2.0
156;-3.0;0.0;1.0
157;-1.0;2.0;-2.0
158;-1.0;-3.0;-2.0
159;0.0;1.0;1.0
160;0.0;2.0;-1.0
161;0.0;-3.0;-1.0
162;3.0;0.0;1.0
163;-2.0;0.0;3.0
164;-3.0;1.0;-3.0
165;-3.0;1.0;2.0
166;-1.0;2.0;1.0
167;2.0;-2.0;-3.0
168;-1.0;-3.0;1.0
169;2.0;-2.0;2.0
170;-3.0;2.0;0.0
171;-3.0;-3.0;0.0
172;-2.0;-2.0;-1.0
173;1.0;2.0;-3.0
174;1.0;-3.0;-3.0
175;3.0;1.0;-3.0
176;1.0;2.0;2.0
177;1.0;-3.0;2.0
178;3.0;1.0;2.0
179;3.0;2.0;0.0
180;3.0;-3.0;0.0
181;0.0;-2.0;-3.0
182;0.0;-2.0;2.0
183;-3.0;2.0;-2.0
184;-3.0;-3.0;-2.0
185;-1.0;-1.0;3.0
186;3.0;2.0;-2.0
187;3.0;-3.0;-2.0
188;-3.0;-3.0;1.0
189;-3.0;2.0;1.0
190;-2.0;-1.0;-3.0
191;-2.0;-1.0;2.0
192;-2.0;0.0;0.0
193;3.0;2.0;1.0
194;3.0;-3.0;1.0
195;-2.0;2.0;3.0
196;-2.0;-3.0;3.0
197;-3.0;-1.0;3.0
198;-2.0;0.0;-2.0
199;1.0;0.0;3.0
200;3.0;-1.0;3.0
201;-1.0;-1.0;0.0
202;-2.0;0.0;1.0
203;2.0;-1.0;-1.0
204;-1.0;1.0;3.0
205;1.0;-2.0;-1.0
206;-2.0;1.0;-3.0
207;-1.0;-1.0;-2.0
208;-2.0;1.0;2.0
209;0.0;-1.0;-1.0
210;-2.0;2.0;0.0
211;-2.0;-3.0;0.0
212;-1.0;-1.0;1.0
213;-1.0;0.0;-1.0
214;-3.0;-1.0;0.0
215;1.0;-1.0;-3.0
216;-3.0;1.0;3.0
217;1.0;-1.0;2.0
218;-2.0;2.0;-2.0
219;-2.0;-3.0;-2.0
220;2.0;-2.0;3.0
221;1.0;0.0;0.0
222;3.0;-1.0;0.0
223;-3.0;-1.0;-2.0
224;1.0;-3.0;3.0
225;3.0;1.0;3.0
226;-1.0;1.0;0.0
227;1.0;2.0;3.0
228;-2.0;2.0;1.0
229;-2.0;-3.0;1.0
230;2.0;1.0;-1.0
231;0.0;-2.0;3.0
232;1.0;0.0;-2.0
233;3.0;-1.0;-2.0
234;-3.0;-1.0;1.0
235;-3.0;0.0;-1.0
236;-1.0;1.0;-2.0
237;0.0;1.0;-1.0
238;1.0;0.0;1.0
239;3.0;-1.0;1.0
240;3.0;0.0;-1.0
241;-2.0;-1.0;3.0
242;-1.0;1.0;1.0
243;-1.0;2.0;-1.0
244;-1.0;-3.0;-1.0
245;-3.0;1.0;0.0
246;1.0;1.0;-3.0
247;2.0;-2.0;0.0
248;1.0;1.0;2.0
249;1.0;2.0;0.0
250;1.0;-3.0;0.0
251;3.0;1.0;0.0
252;-3.0;1.0;-2.0
253;2.0;-2.0;-2.0
254;0.0;-2.0;0.0
255;-1.0;-2.0;-3.0
256;-1.0;-2.0;2.0
257;1.0;2.0;-2.0
258;1.0;-3.0;-2.0
259;3.0;1.0;-2.0
260;-3.0;1.0;1.0
261;-3.0;2.0;-1.0
262;-3.0;-3.0;-1.0
263;2.0;-2.0;1.0
264;0.0;-2.0;-2.0
265;-2.0;-1.0;0.0
266;1.0;2.0;1.0
267;1.0;-3.0;1.0
268;3.0;1.0;1.0
269;3.0;2.0;-1.0
270;3.0;-3.0;-1.0
271;-2.0;1.0;3.0
272;0.0;-2.0;1.0
273;-2.0;-1.0;-2.0
274;-3.0;-2.0;-3.0
275;-3.0;-2.0;2.0
276;2.0;0.0;-3.0
277;1.0;-1.0;3.0
278;2.0;0.0;2.0
279;-2.0;-1.0;1.0
280;-2.0;0.0;-1.0
281;3.0;-2.0;-3.0
282;3.0;-2.0;2.0
283;0.0;0.0;-3.0
284;0.0;0.0;2.0
285;-2.0;1.0;0.0
286;-1.0;-1.0;-1.0
287;-2.0;1.0;-2.0
288;1.0;-1.0;0.0
289;2.0;2.0;-3.0
290;2.0;-3.0;-3.0
291;1.0;1.0;3.0
292;2.0;2.0;2.0
293;2.0;-3.0;2.0
294;-2.0;1.0;1.0
